Workbook

Sheet MAESTRO
A1: PLANTABAL S.A. / 3A CORE MATERIALS
A2: Lista Maestra de Contratistas — Control de Acceso
A3: Responsable: Héctor Clavijo | Planta: Quevedo y Santo Domingo
A4: N° | B4: Nombre de la Contratista | C4: Nombre del Encargado | D4: Estado
A5: 1 | B5: FRANKMETAL S.A.S. | C5: Francisco Macías | D5: Activa
A6: 2 | B6: Industrias Don Quiño | C6: Dailer Quiñonez | D6: Activa
A7: 3 | B7: Taller industrial Don Remigio | C7: Remigio Chalacama | D7: Activa
A8: 4 | B8: MP - Servicios profesionales | C8: Michael Pallo | D8: Activa
A9: 5 | B9: Jonny Lam | C9: Jonny Lam | D9: Activa
A10: 6 | B10: Víctor Volibar Andrade Calderón | C10: Víctor Volibar Andrade Calderón | D10: Activa
A11: 7 | B11: La Llave | C11: Jorge Escobar | D11: Activa
A12: 8 | B12: Firewall | C12: Wilson Pastuisaca | D12: Activa
A13: 9 | B13: Taller industrial Asimbaya | C13: José Asimbaya | D13: Activa
A14: 10 | B14: Taller industrial Chávez | C14: Cristian Chávez | D14: Activa
A15: 11 | B15: Proinseg | C15: Juan Barrionuevo | D15: Activa
A16: 12 | B16: Frío Aycart | C16: Yordan Aycart | D16: Activa
... A19: 15 | B19: Wilmer Salazar | C19: Wilmer Salazar | D19: Activa
A20: 16 | B20: Oselecsa | D20: Activa
A21: 17 | B21: ISEP | C21: Emiliano Crespo | D21: Activa
A22: 18 | B22: JC | C22: Jonathan Cedeño | D22: Activa
A23: 19 | B23: Julio Cano | C23: Julio Cano | D23: Activa
A24: 20 | B24: ISMI | C24: Borys Jonathan Palma Tasinchano | D24: Activa
A25: 21 | B25: ASOSERLIMFESA | C25: Quishpe Calderón Edison Angel | D25: Activa

Sheet ENE_QUE
A1: PLANTABAL S.A. / 3A CORE MATERIALS — CONTROL DE ACCESO DE CONTRATISTAS
A2: Período: Enero 2026 | Planta: Quevedo | Responsable: Héctor Clavijo
A3: Documento habilitante: Planilla de pago IESS (recepción máximo el día 15 de cada mes)
A4: N° | B4: Nombre de la Contratista | C4: Nombre del Encargado | D4: Planilla IESS recibida | E4: Fecha de recepción | F4: ¿Acceso permitido? | G4: Observaciones
A5: 1 | B5: =MAESTRO!B5 | C5: =MAESTRO!C5 | D5: NO | F5: =IF(D5="SI","✔ ACCESO","✘ SIN ACCESO")
A6: 2 | B6: =MAESTRO!B6 | C6: =MAESTRO!C6 | D6: NO | F6: =IF(D6="SI","✔ ACCESO","✘ SIN ACCESO")
A7: 3 | B7: =MAESTRO!B7 | C7: =MAESTRO!C7 | D7: NO | F7: =IF(D7="SI","✔ ACCESO","✘ SIN ACCESO")
A8: 4 | B8: =MAESTRO!B8 | C8: =MAESTRO!C8 | D8: NO | F8: =IF(D8="SI","✔ ACCESO","✘ SIN ACCESO")
A9: 5 | B9: =MAESTRO!B9 | C9: =MAESTRO!C9 | D9: NO | F9: =IF(D9="SI","✔ ACCESO","✘ SIN ACCESO")
A10: 6 | B10: =MAESTRO!B10 | C10: =MAESTRO!C10 | D10: NO | F10: =IF(D10="SI","✔ ACCESO","✘ SIN ACCESO")
A11: 7 | B11: =MAESTRO!B11 | C11: =MAESTRO!C11 | D11: NO | F11: =IF(D11="SI","✔ ACCESO","✘ SIN ACCESO")
A12: 8 | B12: =MAESTRO!B12 | C12: =MAESTRO!C12 | D12: NO | F12: =IF(D12="SI","✔ ACCESO","✘ SIN ACCESO")
A13: 9 | B13: =MAESTRO!B13 | C13: =MAESTRO!C13 | D13: NO | F13: =IF(D13="SI","✔ ACCESO","✘ SIN ACCESO")
A14: 10 | B14: =MAESTRO!B14 | C14: =MAESTRO!C14 | D14: NO | F14: =IF(D14="SI","✔ ACCESO","✘ SIN ACCESO")
A15: 11 | B15: =MAESTRO!B15 | C15: =MAESTRO!C15 | D15: NO | F15: =IF(D15="SI","✔ ACCESO","✘ SIN ACCESO")
A16: 12 | B16: =MAESTRO!B16 | C16: =MAESTRO!C16 | D16: NO | F16: =IF(D16="SI","✔ ACCESO","✘ SIN ACCESO")
... A25: 21 | B25: =MAESTRO!B25 | C25: =MAESTRO!C25 | D25: NO | F25: =IF(D25="SI","✔ ACCESO","✘ SIN ACCESO")
A26: RESUMEN DEL PERÍODO | D26: =COUNTIF(D5:D25,"SI") | E26: ✔ Con acceso
A27: Sin planilla recibida | D27: =COUNTIF(D5:D25,"NO") | E27: ✘ Sin acceso
A29: 📋 Instrucciones: Complete celdas en AMARILLO. En 'Planilla IESS recibida' escriba SI o NO.

Sheet FEB_QUE
A1: PLANTABAL S.A. / 3A CORE MATERIALS — CONTROL DE ACCESO DE CONTRATISTAS
A2: Período: Febrero 2026 | Planta: Quevedo | Responsable: Héctor Clavijo
A3: Documento habilitante: Planilla de pago IESS (recepción máximo el día 15 de cada mes)
A4: N° | B4: Nombre de la Contratista | C4: Nombre del Encargado | D4: Planilla IESS recibida | E4: Fecha de recepción | F4: ¿Acceso permitido? | G4: Observaciones
A5: 1 | B5: =MAESTRO!B5 | C5: =MAESTRO!C5 | D5: NO | F5: =IF(D5="SI","✔ ACCESO","✘ SIN ACCESO")
A6: 2 | B6: =MAESTRO!B6 | C6: =MAESTRO!C6 | D6: NO | F6: =IF(D6="SI","✔ ACCESO","✘ SIN ACCESO")
A7: 3 | B7: =MAESTRO!B7 | C7: =MAESTRO!C7 | D7: NO | F7: =IF(D7="SI","✔ ACCESO","✘ SIN ACCESO")
A8: 4 | B8: =MAESTRO!B8 | C8: =MAESTRO!C8 | D8: NO | F8: =IF(D8="SI","✔ ACCESO","✘ SIN ACCESO")
A9: 5 | B9: =MAESTRO!B9 | C9: =MAESTRO!C9 | D9: NO | F9: =IF(D9="SI","✔ ACCESO","✘ SIN ACCESO")
A10: 6 | B10: =MAESTRO!B10 | C10: =MAESTRO!C10 | D10: NO | F10: =IF(D10="SI","✔ ACCESO","✘ SIN ACCESO")
A11: 7 | B11: =MAESTRO!B11 | C11: =MAESTRO!C11 | D11: NO | F11: =IF(D11="SI","✔ ACCESO","✘ SIN ACCESO")
A12: 8 | B12: =MAESTRO!B12 | C12: =MAESTRO!C12 | D12: NO | F12: =IF(D12="SI","✔ ACCESO","✘ SIN ACCESO")
A13: 9 | B13: =MAESTRO!B13 | C13: =MAESTRO!C13 | D13: NO | F13: =IF(D13="SI","✔ ACCESO","✘ SIN ACCESO")
A14: 10 | B14: =MAESTRO!B14 | C14: =MAESTRO!C14 | D14: NO | F14: =IF(D14="SI","✔ ACCESO","✘ SIN ACCESO")
A15: 11 | B15: =MAESTRO!B15 | C15: =MAESTRO!C15 | D15: NO | F15: =IF(D15="SI","✔ ACCESO","✘ SIN ACCESO")
A16: 12 | B16: =MAESTRO!B16 | C16: =MAESTRO!C16 | D16: NO | F16: =IF(D16="SI","✔ ACCESO","✘ SIN ACCESO")
... A25: 21 | B25: =MAESTRO!B25 | C25: =MAESTRO!C25 | D25: NO | F25: =IF(D25="SI","✔ ACCESO","✘ SIN ACCESO")
A26: RESUMEN DEL PERÍODO | D26: =COUNTIF(D5:D25,"SI") | E26: ✔ Con acceso
A27: Sin planilla recibida | D27: =COUNTIF(D5:D25,"NO") | E27: ✘ Sin acceso
A29: 📋 Instrucciones: Complete celdas en AMARILLO. En 'Planilla IESS recibida' escriba SI o NO.

Sheet MAR_QUE
A1: PLANTABAL S.A. / 3A CORE MATERIALS — CONTROL DE ACCESO DE CONTRATISTAS
A2: Período: Marzo 2026 | Planta: Quevedo | Responsable: Héctor Clavijo
A3: Documento habilitante: Planilla de pago IESS (recepción máximo el día 15 de cada mes)
A4: N° | B4: Nombre de la Contratista | C4: Nombre del Encargado | D4: Planilla IESS recibida | E4: Fecha de recepción | F4: ¿Acceso permitido? | G4: Observaciones
A5: 1 | B5: =MAESTRO!B5 | C5: =MAESTRO!C5 | D5: NO | F5: =IF(D5="SI","✔ ACCESO","✘ SIN ACCESO")
A6: 2 | B6: =MAESTRO!B6 | C6: =MAESTRO!C6 | D6: NO | F6: =IF(D6="SI","✔ ACCESO","✘ SIN ACCESO")
A7: 3 | B7: =MAESTRO!B7 | C7: =MAESTRO!C7 | D7: NO | F7: =IF(D7="SI","✔ ACCESO","✘ SIN ACCESO")
A8: 4 | B8: =MAESTRO!B8 | C8: =MAESTRO!C8 | D8: NO | F8: =IF(D8="SI","✔ ACCESO","✘ SIN ACCESO")
A9: 5 | B9: =MAESTRO!B9 | C9: =MAESTRO!C9 | D9: NO | F9: =IF(D9="SI","✔ ACCESO","✘ SIN ACCESO")
A10: 6 | B10: =MAESTRO!B10 | C10: =MAESTRO!C10 | D10: NO | F10: =IF(D10="SI","✔ ACCESO","✘ SIN ACCESO")
A11: 7 | B11: =MAESTRO!B11 | C11: =MAESTRO!C11 | D11: NO | F11: =IF(D11="SI","✔ ACCESO","✘ SIN ACCESO")
A12: 8 | B12: =MAESTRO!B12 | C12: =MAESTRO!C12 | D12: NO | F12: =IF(D12="SI","✔ ACCESO","✘ SIN ACCESO")
A13: 9 | B13: =MAESTRO!B13 | C13: =MAESTRO!C13 | D13: NO | F13: =IF(D13="SI","✔ ACCESO","✘ SIN ACCESO")
A14: 10 | B14: =MAESTRO!B14 | C14: =MAESTRO!C14 | D14: NO | F14: =IF(D14="SI","✔ ACCESO","✘ SIN ACCESO")
A15: 11 | B15: =MAESTRO!B15 | C15: =MAESTRO!C15 | D15: NO | F15: =IF(D15="SI","✔ ACCESO","✘ SIN ACCESO")
A16: 12 | B16: =MAESTRO!B16 | C16: =MAESTRO!C16 | D16: NO | F16: =IF(D16="SI","✔ ACCESO","✘ SIN ACCESO")
... A25: 21 | B25: =MAESTRO!B25 | C25: =MAESTRO!C25 | D25: NO | F25: =IF(D25="SI","✔ ACCESO","✘ SIN ACCESO")
A26: RESUMEN DEL PERÍODO | D26: =COUNTIF(D5:D25,"SI") | E26: ✔ Con acceso
A27: Sin planilla recibida | D27: =COUNTIF(D5:D25,"NO") | E27: ✘ Sin acceso
A29: 📋 Instrucciones: Complete celdas en AMARILLO. En 'Planilla IESS recibida' escriba SI o NO.

Sheet ABR_QUE
A1: PLANTABAL S.A. / 3A CORE MATERIALS — CONTROL DE ACCESO DE CONTRATISTAS
A2: Período: Abril 2026 | Planta: Quevedo | Responsable: Héctor Clavijo
A3: Documento habilitante: Planilla de pago IESS (recepción máximo el día 15 de cada mes)
A4: N° | B4: Nombre de la Contratista | C4: Nombre del Encargado | D4: Planilla IESS recibida | E4: Fecha de recepción | F4: ¿Acceso permitido? | G4: Observaciones
A5: 1 | B5: =MAESTRO!B5 | C5: =MAESTRO!C5 | D5: NO | F5: =IF(D5="SI","✔ ACCESO","✘ SIN ACCESO")
A6: 2 | B6: =MAESTRO!B6 | C6: =MAESTRO!C6 | D6: NO | F6: =IF(D6="SI","✔ ACCESO","✘ SIN ACCESO")
A7: 3 | B7: =MAESTRO!B7 | C7: =MAESTRO!C7 | D7: NO | F7: =IF(D7="SI","✔ ACCESO","✘ SIN ACCESO")
A8: 4 | B8: =MAESTRO!B8 | C8: =MAESTRO!C8 | D8: NO | F8: =IF(D8="SI","✔ ACCESO","✘ SIN ACCESO")
A9: 5 | B9: =MAESTRO!B9 | C9: =MAESTRO!C9 | D9: NO | F9: =IF(D9="SI","✔ ACCESO","✘ SIN ACCESO")
A10: 6 | B10: =MAESTRO!B10 | C10: =MAESTRO!C10 | D10: NO | F10: =IF(D10="SI","✔ ACCESO","✘ SIN ACCESO")
A11: 7 | B11: =MAESTRO!B11 | C11: =MAESTRO!C11 | D11: NO | F11: =IF(D11="SI","✔ ACCESO","✘ SIN ACCESO")
A12: 8 | B12: =MAESTRO!B12 | C12: =MAESTRO!C12 | D12: NO | F12: =IF(D12="SI","✔ ACCESO","✘ SIN ACCESO")
A13: 9 | B13: =MAESTRO!B13 | C13: =MAESTRO!C13 | D13: NO | F13: =IF(D13="SI","✔ ACCESO","✘ SIN ACCESO")
A14: 10 | B14: =MAESTRO!B14 | C14: =MAESTRO!C14 | D14: NO | F14: =IF(D14="SI","✔ ACCESO","✘ SIN ACCESO")
A15: 11 | B15: =MAESTRO!B15 | C15: =MAESTRO!C15 | D15: NO | F15: =IF(D15="SI","✔ ACCESO","✘ SIN ACCESO")
A16: 12 | B16: =MAESTRO!B16 | C16: =MAESTRO!C16 | D16: NO | F16: =IF(D16="SI","✔ ACCESO","✘ SIN ACCESO")
... A25: 21 | B25: =MAESTRO!B25 | C25: =MAESTRO!C25 | D25: NO | F25: =IF(D25="SI","✔ ACCESO","✘ SIN ACCESO")
A26: RESUMEN DEL PERÍODO | D26: =COUNTIF(D5:D25,"SI") | E26: ✔ Con acceso
A27: Sin planilla recibida | D27: =COUNTIF(D5:D25,"NO") | E27: ✘ Sin acceso
A29: 📋 Instrucciones: Complete celdas en AMARILLO. En 'Planilla IESS recibida' escriba SI o NO.

Sheet MAY_QUE
A1: PLANTABAL S.A. / 3A CORE MATERIALS — CONTROL DE ACCESO DE CONTRATISTAS
A2: Período: Mayo 2026 | Planta: Quevedo | Responsable: Héctor Clavijo
A3: Documento habilitante: Planilla de pago IESS (recepción máximo el día 15 de cada mes)
A4: N° | B4: Nombre de la Contratista | C4: Nombre del Encargado | D4: Planilla IESS recibida | E4: Fecha de recepción | F4: ¿Acceso permitido? | G4: Observaciones
A5: 1 | B5: =MAESTRO!B5 | C5: =MAESTRO!C5 | D5: NO | F5: =IF(D5="SI","✔ ACCESO","✘ SIN ACCESO")
A6: 2 | B6: =MAESTRO!B6 | C6: =MAESTRO!C6 | D6: NO | F6: =IF(D6="SI","✔ ACCESO","✘ SIN ACCESO")
A7: 3 | B7: =MAESTRO!B7 | C7: =MAESTRO!C7 | D7: NO | F7: =IF(D7="SI","✔ ACCESO","✘ SIN ACCESO")
A8: 4 | B8: =MAESTRO!B8 | C8: =MAESTRO!C8 | D8: NO | F8: =IF(D8="SI","✔ ACCESO","✘ SIN ACCESO")
A9: 5 | B9: =MAESTRO!B9 | C9: =MAESTRO!C9 | D9: NO | F9: =IF(D9="SI","✔ ACCESO","✘ SIN ACCESO")
A10: 6 | B10: =MAESTRO!B10 | C10: =MAESTRO!C10 | D10: NO | F10: =IF(D10="SI","✔ ACCESO","✘ SIN ACCESO")
A11: 7 | B11: =MAESTRO!B11 | C11: =MAESTRO!C11 | D11: NO | F11: =IF(D11="SI","✔ ACCESO","✘ SIN ACCESO")
A12: 8 | B12: =MAESTRO!B12 | C12: =MAESTRO!C12 | D12: NO | F12: =IF(D12="SI","✔ ACCESO","✘ SIN ACCESO")
A13: 9 | B13: =MAESTRO!B13 | C13: =MAESTRO!C13 | D13: NO | F13: =IF(D13="SI","✔ ACCESO","✘ SIN ACCESO")
A14: 10 | B14: =MAESTRO!B14 | C14: =MAESTRO!C14 | D14: NO | F14: =IF(D14="SI","✔ ACCESO","✘ SIN ACCESO")
A15: 11 | B15: =MAESTRO!B15 | C15: =MAESTRO!C15 | D15: NO | F15: =IF(D15="SI","✔ ACCESO","✘ SIN ACCESO")
A16: 12 | B16: =MAESTRO!B16 | C16: =MAESTRO!C16 | D16: NO | F16: =IF(D16="SI","✔ ACCESO","✘ SIN ACCESO")
... A25: 21 | B25: =MAESTRO!B25 | C25: =MAESTRO!C25 | D25: NO | F25: =IF(D25="SI","✔ ACCESO","✘ SIN ACCESO")
A26: RESUMEN DEL PERÍODO | D26: =COUNTIF(D5:D25,"SI") | E26: ✔ Con acceso
A27: Sin planilla recibida | D27: =COUNTIF(D5:D25,"NO") | E27: ✘ Sin acceso
A29: 📋 Instrucciones: Complete celdas en AMARILLO. En 'Planilla IESS recibida' escriba SI o NO.

Sheet JUN_QUE
A1: PLANTABAL S.A. / 3A CORE MATERIALS — CONTROL DE ACCESO DE CONTRATISTAS
A2: Período: Junio 2026 | Planta: Quevedo | Responsable: Héctor Clavijo
A3: Documento habilitante: Planilla de pago IESS (recepción máximo el día 15 de cada mes)
A4: N° | B4: Nombre de la Contratista | C4: Nombre del Encargado | D4: Planilla IESS recibida | E4: Fecha de recepción | F4: ¿Acceso permitido? | G4: Observaciones
A5: 1 | B5: =MAESTRO!B5 | C5: =MAESTRO!C5 | D5: NO | F5: =IF(D5="SI","✔ ACCESO","✘ SIN ACCESO")
A6: 2 | B6: =MAESTRO!B6 | C6: =MAESTRO!C6 | D6: NO | F6: =IF(D6="SI","✔ ACCESO","✘ SIN ACCESO")
A7: 3 | B7: =MAESTRO!B7 | C7: =MAESTRO!C7 | D7: NO | F7: =IF(D7="SI","✔ ACCESO","✘ SIN ACCESO")
A8: 4 | B8: =MAESTRO!B8 | C8: =MAESTRO!C8 | D8: NO | F8: =IF(D8="SI","✔ ACCESO","✘ SIN ACCESO")
A9: 5 | B9: =MAESTRO!B9 | C9: =MAESTRO!C9 | D9: NO | F9: =IF(D9="SI","✔ ACCESO","✘ SIN ACCESO")
A10: 6 | B10: =MAESTRO!B10 | C10: =MAESTRO!C10 | D10: NO | F10: =IF(D10="SI","✔ ACCESO","✘ SIN ACCESO")
A11: 7 | B11: =MAESTRO!B11 | C11: =MAESTRO!C11 | D11: NO | F11: =IF(D11="SI","✔ ACCESO","✘ SIN ACCESO")
A12: 8 | B12: =MAESTRO!B12 | C12: =MAESTRO!C12 | D12: NO | F12: =IF(D12="SI","✔ ACCESO","✘ SIN ACCESO")
A13: 9 | B13: =MAESTRO!B13 | C13: =MAESTRO!C13 | D13: NO | F13: =IF(D13="SI","✔ ACCESO","✘ SIN ACCESO")
A14: 10 | B14: =MAESTRO!B14 | C14: =MAESTRO!C14 | D14: NO | F14: =IF(D14="SI","✔ ACCESO","✘ SIN ACCESO")
A15: 11 | B15: =MAESTRO!B15 | C15: =MAESTRO!C15 | D15: NO | F15: =IF(D15="SI","✔ ACCESO","✘ SIN ACCESO")
A16: 12 | B16: =MAESTRO!B16 | C16: =MAESTRO!C16 | D16: NO | F16: =IF(D16="SI","✔ ACCESO","✘ SIN ACCESO")
... A25: 21 | B25: =MAESTRO!B25 | C25: =MAESTRO!C25 | D25: NO | F25: =IF(D25="SI","✔ ACCESO","✘ SIN ACCESO")
A26: RESUMEN DEL PERÍODO | D26: =COUNTIF(D5:D25,"SI") | E26: ✔ Con acceso
A27: Sin planilla recibida | D27: =COUNTIF(D5:D25,"NO") | E27: ✘ Sin acceso
A29: 📋 Instrucciones: Complete celdas en AMARILLO. En 'Planilla IESS recibida' escriba SI o NO.

Sheet JUL_QUE
A1: PLANTABAL S.A. / 3A CORE MATERIALS — CONTROL DE ACCESO DE CONTRATISTAS
A2: Período: Julio 2026 | Planta: Quevedo | Responsable: Héctor Clavijo
A3: Documento habilitante: Planilla de pago IESS (recepción máximo el día 15 de cada mes)
A4: N° | B4: Nombre de la Contratista | C4: Nombre del Encargado | D4: Planilla IESS recibida | E4: Fecha de recepción | F4: ¿Acceso permitido? | G4: Observaciones
A5: 1 | B5: =MAESTRO!B5 | C5: =MAESTRO!C5 | D5: NO | F5: =IF(D5="SI","✔ ACCESO","✘ SIN ACCESO")
A6: 2 | B6: =MAESTRO!B6 | C6: =MAESTRO!C6 | D6: NO | F6: =IF(D6="SI","✔ ACCESO","✘ SIN ACCESO")
A7: 3 | B7: =MAESTRO!B7 | C7: =MAESTRO!C7 | D7: NO | F7: =IF(D7="SI","✔ ACCESO","✘ SIN ACCESO")
A8: 4 | B8: =MAESTRO!B8 | C8: =MAESTRO!C8 | D8: NO | F8: =IF(D8="SI","✔ ACCESO","✘ SIN ACCESO")
A9: 5 | B9: =MAESTRO!B9 | C9: =MAESTRO!C9 | D9: NO | F9: =IF(D9="SI","✔ ACCESO","✘ SIN ACCESO")
A10: 6 | B10: =MAESTRO!B10 | C10: =MAESTRO!C10 | D10: NO | F10: =IF(D10="SI","✔ ACCESO","✘ SIN ACCESO")
A11: 7 | B11: =MAESTRO!B11 | C11: =MAESTRO!C11 | D11: NO | F11: =IF(D11="SI","✔ ACCESO","✘ SIN ACCESO")
A12: 8 | B12: =MAESTRO!B12 | C12: =MAESTRO!C12 | D12: NO | F12: =IF(D12="SI","✔ ACCESO","✘ SIN ACCESO")
A13: 9 | B13: =MAESTRO!B13 | C13: =MAESTRO!C13 | D13: NO | F13: =IF(D13="SI","✔ ACCESO","✘ SIN ACCESO")
A14: 10 | B14: =MAESTRO!B14 | C14: =MAESTRO!C14 | D14: NO | F14: =IF(D14="SI","✔ ACCESO","✘ SIN ACCESO")
A15: 11 | B15: =MAESTRO!B15 | C15: =MAESTRO!C15 | D15: NO | F15: =IF(D15="SI","✔ ACCESO","✘ SIN ACCESO")
A16: 12 | B16: =MAESTRO!B16 | C16: =MAESTRO!C16 | D16: NO | F16: =IF(D16="SI","✔ ACCESO","✘ SIN ACCESO")
... A25: 21 | B25: =MAESTRO!B25 | C25: =MAESTRO!C25 | D25: NO | F25: =IF(D25="SI","✔ ACCESO","✘ SIN ACCESO")
A26: RESUMEN DEL PERÍODO | D26: =COUNTIF(D5:D25,"SI") | E26: ✔ Con acceso
A27: Sin planilla recibida | D27: =COUNTIF(D5:D25,"NO") | E27: ✘ Sin acceso
A29: 📋 Instrucciones: Complete celdas en AMARILLO. En 'Planilla IESS recibida' escriba SI o NO.

Sheet AGO_QUE
A1: PLANTABAL S.A. / 3A CORE MATERIALS — CONTROL DE ACCESO DE CONTRATISTAS
A2: Período: Agosto 2026 | Planta: Quevedo | Responsable: Héctor Clavijo
A3: Documento habilitante: Planilla de pago IESS (recepción máximo el día 15 de cada mes)
A4: N° | B4: Nombre de la Contratista | C4: Nombre del Encargado | D4: Planilla IESS recibida | E4: Fecha de recepción | F4: ¿Acceso permitido? | G4: Observaciones
A5: 1 | B5: =MAESTRO!B5 | C5: =MAESTRO!C5 | D5: SI | E5: 46247 | F5: =IF(D5="SI","✔ ACCESO","✘ SIN ACCESO") | G5: • Cano Sandoya Alexander David • Cano Tixe Luis Alejandro • Gavilanes Miño Julio Cesar • Macias Morales Francisco Humberto • Castro Villa Diker Eliud • Parraga Vaca Edgar Elicio (2 planillas: FrankMetal S.A.S. + Fran-Metal Taller Industrial)
A6: 2 | B6: =MAESTRO!B6 | C6: =MAESTRO!C6 | D6: SI | E6: 46250 | F6: =IF(D6="SI","✔ ACCESO","✘ SIN ACCESO") | G6: • Aguilar Valverde Dubert Uwaldo • Arguello Medina Wilmer Ricardo • Cabrera Cabrera Juan Pablo • Cabrera Rodriguez Angel Andres • Chalba Burgos Franklin Oswaldo • Llamba Benavides Victor Elias • Palma Macias Leandro Wladimir • Pincay Matute Ney Esteban • Quiñonez Garcia Dixon Antonio • Romero Cegido Jorge Luis • Teran Boza Stalin Cristhofer • Zamora Vite Vicente Geovan • Quiñonez Garcia Dailer Fernando
A7: 3 | B7: =MAESTRO!B7 | C7: =MAESTRO!C7 | D7: SI | E7: 46248 | F7: =IF(D7="SI","✔ ACCESO","✘ SIN ACCESO") | G7: • Chalacama Basurto Carlos Manuel • Guaranda Cordova Luis Andres • Guaranda Morales Carlos Daniel • Guaranda Zambrano Luis Andres • Hidrovo Solorzano Leonardo Lisandro • Jimenez Merchan Jefferson Medardo • Renteria Fajardo Daniel Jackson • Verdesoto Marcillo Alexander Patricio • Zambrano Trejo Luis Alberto • Chalacama Basurto Remigio Antonio • Carranza Sanchez Carlos Alfredo
A8: 4 | B8: =MAESTRO!B8 | C8: =MAESTRO!C8 | D8: NO | F8: =IF(D8="SI","✔ ACCESO","✘ SIN ACCESO")
A9: 5 | B9: =MAESTRO!B9 | C9: =MAESTRO!C9 | D9: SI | E9: 46247 | F9: =IF(D9="SI","✔ ACCESO","✘ SIN ACCESO") | G9: • Lam Gamboa Jonny Segundo (Aviso de Entrada — Quevedo)
A10: 6 | B10: =MAESTRO!B10 | C10: =MAESTRO!C10 | D10: SI | E10: 46251 | F10: =IF(D10="SI","✔ ACCESO","✘ SIN ACCESO") | G10: • Andrade Calderon Victor Volivar • Angulo Preciado Jhon Enrique • Gavilanes Miño Jose Manuel • Gavilanes Miño Julio Cesar • Meza Sanchez William Tyron • Montoya Moran Anthony Andres • Sanchez Cabezas Bryan David • Suarez Teran Carlos Rafael • Villamar Chevez Mauricio Damian
A11: 7 | B11: =MAESTRO!B11 | C11: =MAESTRO!C11 | D11: NO | F11: =IF(D11="SI","✔ ACCESO","✘ SIN ACCESO")
A12: 8 | B12: =MAESTRO!B12 | C12: =MAESTRO!C12 | D12: NO | F12: =IF(D12="SI","✔ ACCESO","✘ SIN ACCESO")
A13: 9 | B13: =MAESTRO!B13 | C13: =MAESTRO!C13 | D13: SI | E13: 46248 | F13: =IF(D13="SI","✔ ACCESO","✘ SIN ACCESO") | G13: • Asimbaya Tapia Jose Ramiro • Gonzalez Sanchez Jonathan Fabian • Lascano Anchundia Darwin Eduardo • Zambrano Suarez Luis Miguel (2 planillas: ASIMA S.A.S. + Asimbaya Tapia José Ramiro)
A14: 10 | B14: =MAESTRO!B14 | C14: =MAESTRO!C14 | D14: NO | F14: =IF(D14="SI","✔ ACCESO","✘ SIN ACCESO")
A15: 11 | B15: =MAESTRO!B15 | C15: =MAESTRO!C15 | D15: NO | F15: =IF(D15="SI","✔ ACCESO","✘ SIN ACCESO")
A16: 12 | B16: =MAESTRO!B16 | C16: =MAESTRO!C16 | D16: SI | E16: 46247 | F16: =IF(D16="SI","✔ ACCESO","✘ SIN ACCESO") | G16: • Aycart Perez Yordan Francisco (Comprobante de pago — solo titular)
A17: 13 | B17: =MAESTRO!B17 | C17: =MAESTRO!C17 | D17: NO | F17: =IF(D17="SI","✔ ACCESO","✘ SIN ACCESO")
A18: 14 | B18: =MAESTRO!B18 | C18: =MAESTRO!C18 | D18: SI | E18: 46258 | F18: =IF(D18="SI","✔ ACCESO","✘ SIN ACCESO") | G18: • Pluas Fajardo Orly Enrique • Davila Giler Jhon Michael (Avisos de Entrada D-NETSOF — Quevedo)
A19: 15 | B19: =MAESTRO!B19 | C19: =MAESTRO!C19 | D19: NO | F19: =IF(D19="SI","✔ ACCESO","✘ SIN ACCESO")
A20: 16 | B20: =MAESTRO!B20 | C20: =MAESTRO!C20 | D20: NO | F20: =IF(D20="SI","✔ ACCESO","✘ SIN ACCESO")
A21: 17 | B21: =MAESTRO!B21 | C21: =MAESTRO!C21 | D21: NO | F21: =IF(D21="SI","✔ ACCESO","✘ SIN ACCESO")
A22: 18 | B22: =MAESTRO!B22 | C22: =MAESTRO!C22 | D22: NO | F22: =IF(D22="SI","✔ ACCESO","✘ SIN ACCESO")
A23: 19 | B23: =MAESTRO!B23 | C23: =MAESTRO!C23 | D23: NO | F23: =IF(D23="SI","✔ ACCESO","✘ SIN ACCESO")
A24: 20 | B24: =MAESTRO!B24 | C24: =MAESTRO!C24 | D24: NO | F24: =IF(D24="SI","✔ ACCESO","✘ SIN ACCESO")
A25: 21 | B25: =MAESTRO!B25 | C25: =MAESTRO!C25 | D25: NO | F25: =IF(D25="SI","✔ ACCESO","✘ SIN ACCESO")
A26: RESUMEN DEL PERÍODO | D26: =COUNTIF(D5:D25,"SI") | E26: ✔ Con acceso
A27: Sin planilla recibida | D27: =COUNTIF(D5:D25,"NO") | E27: ✘ Sin acceso
A29: 📋 Instrucciones: Complete celdas en AMARILLO. En 'Planilla IESS recibida' escriba SI o NO.

Sheet SEP_QUE
A1: PLANTABAL S.A. / 3A CORE MATERIALS — CONTROL DE ACCESO DE CONTRATISTAS
A2: Período: Septiembre 2026 | Planta: Quevedo | Responsable: Héctor Clavijo
A3: Documento habilitante: Planilla de pago IESS (recepción máximo el día 15 de cada mes)
A4: N° | B4: Nombre de la Contratista | C4: Nombre del Encargado | D4: Planilla IESS recibida | E4: Fecha de recepción | F4: ¿Acceso permitido? | G4: Observaciones
A5: 1 | B5: =MAESTRO!B5 | C5: =MAESTRO!C5 | D5: SI | E5: 46279 | F5: =IF(D5="SI","✔ ACCESO","✘ SIN ACCESO") | G5: • Castro Villa Diker Eliud • Parraga Vaca Edgar Elicio • Cano Sandoya Alexander David • Cano Tixe Luis Alejandro • Macias Morales Anderson Bryan • Zambrano Solorzano Victor Hugo • Macias Morales Francisco Humberto (2 planillas: FrankMetal S.A.S. + Fran-Metal Taller Industrial | Período 2026-08)
A6: 2 | B6: =MAESTRO!B6 | C6: =MAESTRO!C6 | D6: SI | E6: 46281 | F6: =IF(D6="SI","✔ ACCESO","✘ SIN ACCESO") | G6: • Aguilar Valverde Dubert Uwaldo • Palma Macias Leandro Wladimir • Quiñonez Garcia Dixon Antonio • Romero Cegido Jorge Luis • Zamora Vite Vicente Geovan • Quiñonez Garcia Dailer Fernando (Período 2026-08)
A7: 3 | B7: =MAESTRO!B7 | C7: =MAESTRO!C7 | D7: SI | E7: 46281 | F7: =IF(D7="SI","✔ ACCESO","✘ SIN ACCESO") | G7: • Chalacama Basurto Carlos Manuel • Hidrovo Solorzano Leonardo Lisandro • Jimenez Merchan Jefferson Medardo • Renteria Fajardo Daniel Jackson • Zambrano Trejo Luis Alberto • Chalacama Basurto Remigio Antonio • Carranza Sanchez Carlos Alfredo (Planilla 2026-08 + Aviso de Entrada Renteria Fajardo 16/09/2026)
A8: 4 | B8: =MAESTRO!B8 | C8: =MAESTRO!C8 | D8: NO | F8: =IF(D8="SI","✔ ACCESO","✘ SIN ACCESO")
A9: 5 | B9: =MAESTRO!B9 | C9: =MAESTRO!C9 | D9: SI | E9: 46279 | F9: =IF(D9="SI","✔ ACCESO","✘ SIN ACCESO") | G9: • Lam Gamboa Jonny Segundo (Aviso de Entrada — afectación 14/09/2026, Quevedo)
A10: 6 | B10: =MAESTRO!B10 | C10: =MAESTRO!C10 | D10: SI | E10: 46272 | F10: =IF(D10="SI","✔ ACCESO","✘ SIN ACCESO") | G10: • Andrade Calderon Victor Volivar • Angulo Preciado Jhon Enrique • Beltran Jimenez Walter Oswaldo • Navarrete Navarrete Luis Alejandro • Villamar Chevez Mauricio Damian (Período 2026-08)
A11: 7 | B11: =MAESTRO!B11 | C11: =MAESTRO!C11 | D11: NO | F11: =IF(D11="SI","✔ ACCESO","✘ SIN ACCESO")
A12: 8 | B12: =MAESTRO!B12 | C12: =MAESTRO!C12 | D12: NO | F12: =IF(D12="SI","✔ ACCESO","✘ SIN ACCESO")
A13: 9 | B13: =MAESTRO!B13 | C13: =MAESTRO!C13 | D13: SI | E13: 46280 | F13: =IF(D13="SI","✔ ACCESO","✘ SIN ACCESO") | G13: • Asimbaya Tapia Jose Ramiro • Gonzalez Sanchez Jonathan Fabian • Lascano Anchundia Darwin Eduardo • Zambrano Suarez Luis Miguel (2 planillas: ASIMA S.A.S. + Asimbaya Tapia José Ramiro | Período 2026-08)
A14: 10 | B14: =MAESTRO!B14 | C14: =MAESTRO!C14 | D14: NO | F14: =IF(D14="SI","✔ ACCESO","✘ SIN ACCESO")
A15: 11 | B15: =MAESTRO!B15 | C15: =MAESTRO!C15 | D15: NO | F15: =IF(D15="SI","✔ ACCESO","✘ SIN ACCESO")
A16: 12 | B16: =MAESTRO!B16 | C16: =MAESTRO!C16 | D16: NO | F16: =IF(D16="SI","✔ ACCESO","✘ SIN ACCESO")
A17: 13 | B17: =MAESTRO!B17 | C17: =MAESTRO!C17 | D17: NO | F17: =IF(D17="SI","✔ ACCESO","✘ SIN ACCESO")
A18: 14 | B18: =MAESTRO!B18 | C18: =MAESTRO!C18 | D18: SI | E18: 46283 | F18: =IF(D18="SI","✔ ACCESO","✘ SIN ACCESO") | G18: • Davila Giler Jhon Michael • Pluas Fajardo Orly Enrique (D-NETSOF | Período 2026-08 | RT 16 tiempo parcial)
A19: 15 | B19: =MAESTRO!B19 | C19: =MAESTRO!C19 | D19: SI | E19: 46279 | F19: =IF(D19="SI","✔ ACCESO","✘ SIN ACCESO") | G19: • Salazar Zambrano Wilmer Antonio • Salazar Rodriguez Dejan Josue • Riso Quintana Derlis Fernando • Rizo Quintana Sergio Stalin • Laaz Almeida Jordy Ariel • Valencia Mendoza Edwin David • Mendez Pinargote Kelvin Jose • Alarcon Castillo Wencialao Gerson (Período 2026-08)
A20: 16 | B20: =MAESTRO!B20 | C20: =MAESTRO!C20 | D20: NO | F20: =IF(D20="SI","✔ ACCESO","✘ SIN ACCESO")
A21: 17 | B21: =MAESTRO!B21 | C21: =MAESTRO!C21 | D21: NO | F21: =IF(D21="SI","✔ ACCESO","✘ SIN ACCESO")
A22: 18 | B22: =MAESTRO!B22 | C22: =MAESTRO!C22 | D22: NO | F22: =IF(D22="SI","✔ ACCESO","✘ SIN ACCESO")
A23: 19 | B23: =MAESTRO!B23 | C23: =MAESTRO!C23 | D23: NO | F23: =IF(D23="SI","✔ ACCESO","✘ SIN ACCESO")
A24: 20 | B24: =MAESTRO!B24 | C24: =MAESTRO!C24 | D24: SI | E24: 46281 | F24: =IF(D24="SI","✔ ACCESO","✘ SIN ACCESO") | G24: • Aguayo Tigse Kevin Marcelo • Castro Proaño Francisco Javier • Gomez Guama Kenny Julian • Lozada Amaguaña Giovanny Danilo • Moreta Tasinchano Evelyn Vanessa • Palma Camacho Anthony Gerardo • Ramos Guevara Nelson Leonardo • Rosario Moreira Luis Alejandro • Palma Tasinchano Borys Jonathan (Nueva contratista | Período 2026-08)
A25: 21 | B25: =MAESTRO!B25 | C25: =MAESTRO!C25 | D25: NO | F25: =IF(D25="SI","✔ ACCESO","✘ SIN ACCESO")
A26: RESUMEN DEL PERÍODO | D26: =COUNTIF(D5:D25,"SI") | E26: ✔ Con acceso
A27: Sin planilla recibida | D27: =COUNTIF(D5:D25,"NO") | E27: ✘ Sin acceso
A29: 📋 Instrucciones: Complete celdas en AMARILLO. En 'Planilla IESS recibida' escriba SI o NO.

Sheet OCT_QUE
A1: PLANTABAL S.A. / 3A CORE MATERIALS — CONTROL DE ACCESO DE CONTRATISTAS
A2: Período: Octubre 2026 | Planta: Quevedo | Responsable: Héctor Clavijo
A3: Documento habilitante: Planilla de pago IESS (recepción máximo el día 15 de cada mes)
A4: N° | B4: Nombre de la Contratista | C4: Nombre del Encargado | D4: Planilla IESS recibida | E4: Fecha de recepción | F4: ¿Acceso permitido? | G4: Observaciones
A5: 1 | B5: =MAESTRO!B5 | C5: =MAESTRO!C5 | D5: SI | E5: 46309 | F5: =IF(D5="SI","✔ ACCESO","✘ SIN ACCESO") | G5: • Castro Villa Diker Eliud • Parraga Vaca Edgar Elicio • Cano Sandoya Alexander David • Cano Tixe Luis Alejandro • Macias Morales Anderson Bryan • Macias Morales Francisco Humberto (2 planillas: FrankMetal S.A.S. + Fran-Metal Taller Industrial | Período 2026-09)
A6: 2 | B6: =MAESTRO!B6 | C6: =MAESTRO!C6 | D6: SI | E6: 46311 | F6: =IF(D6="SI","✔ ACCESO","✘ SIN ACCESO") | G6: • Aguilar Valverde Dubert Uwaldo • Palma Macias Leandro Wladimir • Quiñonez Garcia Dixon Antonio • Romero Cegido Jorge Luis • Quiñonez Garcia Dailer Fernando • Arguello Medina Wilmer Ricardo • Cabrera Cabrera Juan Pablo • Cabrera Rodriguez Angel Andres • Mendoza Suarez Neicer Armando (Planilla IESS período 2026-09 + 4 Avisos de Entrada (05/10 y 16/10))
A7: 3 | B7: =MAESTRO!B7 | C7: =MAESTRO!C7 | D7: SI | E7: 46308 | F7: =IF(D7="SI","✔ ACCESO","✘ SIN ACCESO") | G7: • Chalacama Basurto Carlos Manuel • Guaranda Cordova Luis Andres • Guaranda Zambrano Luis Andres • Renteria Fajardo Daniel Jackson • Zambrano Trejo Luis Alberto • Chalacama Basurto Remigio Antonio (Período 2026-09 | Jimenez Merchan Jefferson Medardo: AJUSTE/MND (nota de crédito, no cuenta))
A8: 4 | B8: =MAESTRO!B8 | C8: =MAESTRO!C8 | D8: NO | F8: =IF(D8="SI","✔ ACCESO","✘ SIN ACCESO")
A9: 5 | B9: =MAESTRO!B9 | C9: =MAESTRO!C9 | D9: SI | E9: 46309 | F9: =IF(D9="SI","✔ ACCESO","✘ SIN ACCESO") | G9: • Lam Gamboa Jonny Segundo (Aviso de Entrada — Quevedo | 14/10/2026)
A10: 6 | B10: =MAESTRO!B10 | C10: =MAESTRO!C10 | D10: SI | E10: 46314 | F10: =IF(D10="SI","✔ ACCESO","✘ SIN ACCESO") | G10: • Andrade Calderon Victor Volivar • Angulo Preciado Jhon Enrique • Barclay Suarez Jose Carlos • Beltran Jimenez Walter Oswaldo • Gonzalez Aviles Jonathan Stalin • Lozada Palacios Adrian Anibal • Navarrete Navarrete Luis Alejandro • Rocafuerte Alvarado Alex Jairo • Sandoval Rivera Jose Luis • Velez Mure Juan Carlos • Villamar Chevez Mauricio Damian (Período 2026-09)
A11: 7 | B11: =MAESTRO!B11 | C11: =MAESTRO!C11 | D11: NO | F11: =IF(D11="SI","✔ ACCESO","✘ SIN ACCESO")
A12: 8 | B12: =MAESTRO!B12 | C12: =MAESTRO!C12 | D12: NO | F12: =IF(D12="SI","✔ ACCESO","✘ SIN ACCESO")
A13: 9 | B13: =MAESTRO!B13 | C13: =MAESTRO!C13 | D13: SI | E13: 46310 | F13: =IF(D13="SI","✔ ACCESO","✘ SIN ACCESO") | G13: • Asimbaya Tapia Jose Ramiro • Gonzalez Sanchez Jonathan Fabian • Lascano Anchundia Darwin Eduardo • Zambrano Suarez Luis Miguel (2 planillas: ASIMA S.A.S. + Asimbaya Tapia José Ramiro | Período 2026-09)
A14: 10 | B14: =MAESTRO!B14 | C14: =MAESTRO!C14 | D14: NO | F14: =IF(D14="SI","✔ ACCESO","✘ SIN ACCESO")
A15: 11 | B15: =MAESTRO!B15 | C15: =MAESTRO!C15 | D15: NO | F15: =IF(D15="SI","✔ ACCESO","✘ SIN ACCESO")
A16: 12 | B16: =MAESTRO!B16 | C16: =MAESTRO!C16 | D16: NO | F16: =IF(D16="SI","✔ ACCESO","✘ SIN ACCESO")
A17: 13 | B17: =MAESTRO!B17 | C17: =MAESTRO!C17 | D17: NO | F17: =IF(D17="SI","✔ ACCESO","✘ SIN ACCESO")
A18: 14 | B18: =MAESTRO!B18 | C18: =MAESTRO!C18 | D18: SI | E18: 46302 | F18: =IF(D18="SI","✔ ACCESO","✘ SIN ACCESO") | G18: • Pluas Fajardo Orly Enrique • Davila Giler Jhon Michael (D-NETSOF | Avisos de Entrada 07/10/2026)
A19: 15 | B19: =MAESTRO!B19 | C19: =MAESTRO!C19 | D19: SI | E19: 46309 | F19: =IF(D19="SI","✔ ACCESO","✘ SIN ACCESO") | G19: • Salazar Zambrano Wilmer Antonio • Salazar Rodriguez Derian Josue • Mendez Pinargote Kelvin Jose • Laaz Almeida Jordy Ariel • Alarcon Castillo Wencialao Gerson (Período 2026-09)
A20: 16 | B20: =MAESTRO!B20 | C20: =MAESTRO!C20 | D20: NO | F20: =IF(D20="SI","✔ ACCESO","✘ SIN ACCESO")
A21: 17 | B21: =MAESTRO!B21 | C21: =MAESTRO!C21 | D21: NO | F21: =IF(D21="SI","✔ ACCESO","✘ SIN ACCESO")
A22: 18 | B22: =MAESTRO!B22 | C22: =MAESTRO!C22 | D22: NO | F22: =IF(D22="SI","✔ ACCESO","✘ SIN ACCESO")
A23: 19 | B23: =MAESTRO!B23 | C23: =MAESTRO!C23 | D23: NO | F23: =IF(D23="SI","✔ ACCESO","✘ SIN ACCESO")
A24: 20 | B24: =MAESTRO!B24 | C24: =MAESTRO!C24 | D24: SI | E24: 46309 | F24: =IF(D24="SI","✔ ACCESO","✘ SIN ACCESO") | G24: • Aguayo Tigse Kevin Marcelo • Castro Proaño Francisco Javier • Gomez Guama Kenny Julian • Lozada Amaguaña Giovanny Danilo • Moreta Tasinchano Evelyn Vanessa • Palma Camacho Anthony Gerardo • Ramos Guevara Nelson Leonardo • Rosario Moreira Luis Alejandro • Tasinchano Osorio Carlos Alberto • Palma Tasinchano Borys Jonathan (Período 2026-09 | Tasinchano Osorio Carlos Alberto: nuevo trabajador)
A25: 21 | B25: =MAESTRO!B25 | C25: =MAESTRO!C25 | D25: SI | E25: 46310 | F25: =IF(D25="SI","✔ ACCESO","✘ SIN ACCESO") | G25: • Arreaga Murillo Fernando Jhorley • Avendaño Diaz Marvin Bolivar • Cabezas Segura Jefferson David • Carrillo Hernandez Eliel Antonio • Chichanda Carrasco Elicio Antonio • Correa Martinez Fernando Joseph • Hernandez Suarez Adrian Arturo • Hidalgo Ramirez Junior Eduardo • Leon Bailon Edison Fabricio • Lucas Avendaño Jordy Jesus • Meza Fernandez Mariano Bolivar • Muñoz Andrade Luis Helyer • Murillo Robles Ricardo Jeronimo • Quiñonez Tafur Jefferson Alejandro • Cevallos Bravo Jose Grinolfo (Nueva contratista | Planilla IESS período 2026-02 | Autorización ingreso: Quishpe Edison, Quishpe Marlon, Aguilar Nelson, Pinto Diego)
A26: RESUMEN DEL PERÍODO | D26: =COUNTIF(D5:D25,"SI") | E26: ✔ Con acceso
A27: Sin planilla recibida | D27: =COUNTIF(D5:D25,"NO") | E27: ✘ Sin acceso
A29: 📋 Instrucciones: Complete celdas en AMARILLO. En 'Planilla IESS recibida' escriba SI o NO.

Sheet NOV_QUE
A1: PLANTABAL S.A. / 3A CORE MATERIALS — CONTROL DE ACCESO DE CONTRATISTAS
A2: Período: Noviembre 2026 | Planta: Quevedo | Responsable: Héctor Clavijo
A3: Documento habilitante: Planilla de pago IESS (recepción máximo el día 15 de cada mes)
A4: N° | B4: Nombre de la Contratista | C4: Nombre del Encargado | D4: Planilla IESS recibida | E4: Fecha de recepción | F4: ¿Acceso permitido? | G4: Observaciones
A5: 1 | B5: =MAESTRO!B5 | C5: =MAESTRO!C5 | D5: NO | F5: =IF(D5="SI","✔ ACCESO","✘ SIN ACCESO")
A6: 2 | B6: =MAESTRO!B6 | C6: =MAESTRO!C6 | D6: NO | F6: =IF(D6="SI","✔ ACCESO","✘ SIN ACCESO")
A7: 3 | B7: =MAESTRO!B7 | C7: =MAESTRO!C7 | D7: NO | F7: =IF(D7="SI","✔ ACCESO","✘ SIN ACCESO")
A8: 4 | B8: =MAESTRO!B8 | C8: =MAESTRO!C8 | D8: NO | F8: =IF(D8="SI","✔ ACCESO","✘ SIN ACCESO")
A9: 5 | B9: =MAESTRO!B9 | C9: =MAESTRO!C9 | D9: NO | F9: =IF(D9="SI","✔ ACCESO","✘ SIN ACCESO")
A10: 6 | B10: =MAESTRO!B10 | C10: =MAESTRO!C10 | D10: NO | F10: =IF(D10="SI","✔ ACCESO","✘ SIN ACCESO")
A11: 7 | B11: =MAESTRO!B11 | C11: =MAESTRO!C11 | D11: NO | F11: =IF(D11="SI","✔ ACCESO","✘ SIN ACCESO")
A12: 8 | B12: =MAESTRO!B12 | C12: =MAESTRO!C12 | D12: NO | F12: =IF(D12="SI","✔ ACCESO","✘ SIN ACCESO")
A13: 9 | B13: =MAESTRO!B13 | C13: =MAESTRO!C13 | D13: NO | F13: =IF(D13="SI","✔ ACCESO","✘ SIN ACCESO")
A14: 10 | B14: =MAESTRO!B14 | C14: =MAESTRO!C14 | D14: NO | F14: =IF(D14="SI","✔ ACCESO","✘ SIN ACCESO")
A15: 11 | B15: =MAESTRO!B15 | C15: =MAESTRO!C15 | D15: NO | F15: =IF(D15="SI","✔ ACCESO","✘ SIN ACCESO")
A16: 12 | B16: =MAESTRO!B16 | C16: =MAESTRO!C16 | D16: NO | F16: =IF(D16="SI","✔ ACCESO","✘ SIN ACCESO")
... A25: 21 | B25: =MAESTRO!B25 | C25: =MAESTRO!C25 | D25: NO | F25: =IF(D25="SI","✔ ACCESO","✘ SIN ACCESO")
A26: RESUMEN DEL PERÍODO | D26: =COUNTIF(D5:D25,"SI") | E26: ✔ Con acceso
A27: Sin planilla recibida | D27: =COUNTIF(D5:D25,"NO") | E27: ✘ Sin acceso
A29: 📋 Instrucciones: Complete celdas en AMARILLO. En 'Planilla IESS recibida' escriba SI o NO.

Sheet DIC_QUE
A1: PLANTABAL S.A. / 3A CORE MATERIALS — CONTROL DE ACCESO DE CONTRATISTAS
A2: Período: Diciembre 2026 | Planta: Quevedo | Responsable: Héctor Clavijo
A3: Documento habilitante: Planilla de pago IESS (recepción máximo el día 15 de cada mes)
A4: N° | B4: Nombre de la Contratista | C4: Nombre del Encargado | D4: Planilla IESS recibida | E4: Fecha de recepción | F4: ¿Acceso permitido? | G4: Observaciones
A5: 1 | B5: =MAESTRO!B5 | C5: =MAESTRO!C5 | D5: NO | F5: =IF(D5="SI","✔ ACCESO","✘ SIN ACCESO")
A6: 2 | B6: =MAESTRO!B6 | C6: =MAESTRO!C6 | D6: NO | F6: =IF(D6="SI","✔ ACCESO","✘ SIN ACCESO")
A7: 3 | B7: =MAESTRO!B7 | C7: =MAESTRO!C7 | D7: NO | F7: =IF(D7="SI","✔ ACCESO","✘ SIN ACCESO")
A8: 4 | B8: =MAESTRO!B8 | C8: =MAESTRO!C8 | D8: NO | F8: =IF(D8="SI","✔ ACCESO","✘ SIN ACCESO")
A9: 5 | B9: =MAESTRO!B9 | C9: =MAESTRO!C9 | D9: NO | F9: =IF(D9="SI","✔ ACCESO","✘ SIN ACCESO")
A10: 6 | B10: =MAESTRO!B10 | C10: =MAESTRO!C10 | D10: NO | F10: =IF(D10="SI","✔ ACCESO","✘ SIN ACCESO")
A11: 7 | B11: =MAESTRO!B11 | C11: =MAESTRO!C11 | D11: NO | F11: =IF(D11="SI","✔ ACCESO","✘ SIN ACCESO")
A12: 8 | B12: =MAESTRO!B12 | C12: =MAESTRO!C12 | D12: NO | F12: =IF(D12="SI","✔ ACCESO","✘ SIN ACCESO")
A13: 9 | B13: =MAESTRO!B13 | C13: =MAESTRO!C13 | D13: NO | F13: =IF(D13="SI","✔ ACCESO","✘ SIN ACCESO")
A14: 10 | B14: =MAESTRO!B14 | C14: =MAESTRO!C14 | D14: NO | F14: =IF(D14="SI","✔ ACCESO","✘ SIN ACCESO")
A15: 11 | B15: =MAESTRO!B15 | C15: =MAESTRO!C15 | D15: NO | F15: =IF(D15="SI","✔ ACCESO","✘ SIN ACCESO")
A16: 12 | B16: =MAESTRO!B16 | C16: =MAESTRO!C16 | D16: NO | F16: =IF(D16="SI","✔ ACCESO","✘ SIN ACCESO")
... A25: 21 | B25: =MAESTRO!B25 | C25: =MAESTRO!C25 | D25: NO | F25: =IF(D25="SI","✔ ACCESO","✘ SIN ACCESO")
A26: RESUMEN DEL PERÍODO | D26: =COUNTIF(D5:D25,"SI") | E26: ✔ Con acceso
A27: Sin planilla recibida | D27: =COUNTIF(D5:D25,"NO") | E27: ✘ Sin acceso
A29: 📋 Instrucciones: Complete celdas en AMARILLO. En 'Planilla IESS recibida' escriba SI o NO.
